a ,間,カン、ケン、あいだ、ま
a,日,ニチ、ジツ、ひ、か
a,簡,カン
aa,唱,ショウ、とな-える
aaa,晶,ショウ
ab ,明,メイ、ミョウ、あ-かり、あか-るい、あか-るむ、あか-らむ、あき-らか、あ-ける、あ-く、あ-くる、あ-かす
ab,盟,メイ
ai ,郷,キョウ、ゴウ
ai,響,キョウ、ひび-く
ai1,爵,シャク
ail ,即,ソク
ail,節,セツ、（セチ）、ふし
aiu ,既,キ、すで-に
aiu,慨,ガイ
aiu,概,ガイ
aj ,早,ソウ、（サッ）、はや-い、はや-まる、はや-める
aj,草,ソウ、くさ
akc,冥,メイ、ミョウ
am,但,ただ-し
am ,旦,タン、ダン
am,査,サ
amg,糧,リョウ、（ロウ）、かて
amg ,量,リョウ、はか-る
amh,場,ジョウ、ば
amh,揚,ヨウ、あ-げる、あ-がる
amh,湯,トウ、ゆ
amh,瘍,ヨウ
amh,腸,チョウ
amh,陽,ヨウ
ami,得,トク、え-る、う-る
an,門,モン、かど
aph,賜,シ、たまわ-る
apv,喝,カツ
apv,掲,ケイ、かか-げる
apv,渇,カツ、かわ-く
apv,葛,カツ、くず
apv,褐,カツ
apv,謁,エツ
ase,撮,サツ、と-る
ase ,最,サイ、もっと-も
au,把,ハ
au,肥,ヒ、こ-える、こえ、こ-やす、こ-やし
av1,墾,コン
av,娘,むすめ
av,宴,エン
av,恨,コン、うら-む、うら-めしい
av1,懇,コン、ねんご-ろ
av,根,コン、ね
av,痕,コン、あと
av,眼,ガン、（ゲン）、まなこ
av,退,タイ、しりぞ-く、しりぞ-ける
av,銀,ギン
av,限,ゲン、かぎ-る
avf,湿,シツ、しめ-る、しめ-す
avf,顕,ケン
awe,慢,マン
awe,漫,マン
ayf,影,エイ、かげ
ayf,憬,ケイ
ayf ,景,ケイ
b,妥,ダ
b,月,ゲツ、ガツ、つき
bb,乱,ラン、みだ-れる、みだ-す
bb,崩,ホウ、くず-れる、くず-す
bb,棚,たな
bbb,滑,カツ、コツ、すべ-る、なめ-らか
bbb ,骨,コツ、ほね
bbe ,受,ジュ、う-ける、う-かる
bbe,授,ジュ、さず-ける、さず-かる
bbr,渦,カ、うず
bbr,禍,カ
bbr,過,カ、す-ぎる、す-ごす、あやま-つ、あやま-ち
bbr,鍋,なべ
bcd,探,タン、さぐ-る、さが-す
bcd,深,シン、ふか-い、ふか-まる、ふか-める
bcn,側,ソク、がわ
bcn ,則,ソク
bcn,測,ソク、はか-る
bcv,桜,オウ、さくら
bd,彩,サイ、いろど-る
bd,採,サイ、と-る
bd,菜,サイ、な
bd ,采,サイ
bg,淫,イン、みだ-ら
bgb,称,ショウ
bgr ,周,シュウ、まわ-り
bgr,彫,チョウ、ほ-る
bgr,調,チョウ、しら-べる、ととの-う、ととの-える
bgr,週,シュウ
bjj,揮,キ
bjj,輝,キ、かがや-く
bjj,運,ウン、はこ-ぶ
bkf ,然,ゼン、ネン
bkf,燃,ネン、も-える、も-やす、も-す
blb ,帯,タイ、お-びる、おび
blb,滞,タイ、とどこお-る
bm ,且,か-つ
bm,助,ジョ、たす-ける、たす-かる、すけ
bm,宜,ギ
bm,狙,ソ、ねら-う
bm,畳,ジョウ、たた-む、たたみ
bm,祖,ソ
bm,租,ソ
bm,粗,ソ、あら-い
bm,組,ソ、く-む、くみ
bm,阻,ソ、はば-む
bmc ,具,グ
bmc,惧,グ
bme,媛,エン
bme,援,エン
bme,暖,ダン、あたた-か、あたた-かい、あたた-まる、あたた-める
bme,緩,カン、ゆる-い、ゆる-やか、ゆる-む、ゆる-める
bmr ,同,ドウ、おな-じ
bmr,洞,ドウ、ほら
bmr,筒,トウ、つつ
bmr,胴,ドウ
bmr,銅,ドウ
bnd,乳,ニュウ、ちち、ち
bnd,浮,フ、う-く、う-かれる、う-かぶ、う-かべる
bof,察,サツ
bof,擦,サツ、す-る、す-れる
bof ,祭,サイ、まつ-る、まつ-り
bof,際,サイ、きわ
bou,揺,ヨウ、ゆ-れる、ゆ-る、ゆ-らぐ、ゆ-るぐ、ゆ-する、ゆ-さぶる、ゆ-すぶる
bou,謡,ヨウ、うたい、うた-う
bpe,愛,アイ
bpe,曖,アイ
bq,用,ヨウ、もち-いる
bsd ,争,ソウ、あらそ-う
bsd,浄,ジョウ
bsp,穏,オン、おだ-やか
bsp,隠,イン、かく-す、かく-れる
bss,凸,トツ
bt ,冊,サツ、サク
bt,柵,サク
bt,皿,さら
btu,剛,ゴウ
btu ,岡,（おか）
btu,綱,コウ、つな
btu,鋼,コウ、はがね
btv,網,モウ、あみ
bu1 ,冒,ボウ、おか-す
bu1,帽,ボウ
bu ,目,モク、（ボク）、め、（ま）
bu,眉,ビ、（ミ）、まゆ
buc,唄,（うた）
buc,売,バイ、う-る、う-れる
buc,宝,ホウ、たから
buc,敗,ハイ、やぶ-れる
buc ,貝,かい
buc,買,バイ、か-う
buf,懸,ケン、（ケ）、か-ける、か-かる
buf ,県,ケン
buu,寛,カン
buu,現,ゲン、あらわ-れる、あらわ-す
buu ,見,ケン、み-る、み-える、み-せる
buu,規,キ
buu,視,シ
buu,覚,カク、おぼ-える、さ-ます、さ-める
bvk,渓,ケイ
bvk,鶏,ケイ、にわとり
by,丹,タン
c,金,キン、コン、かね、（かな）
ci ,公,コウ、おおやけ
ci,松,ショウ、まつ
ci,訟,ショウ
ck ,父,フ、ちち
ck,釜,かま
cor,俗,ゾク
cor1 ,却,キャク
cor,容,ヨウ
cor,欲,ヨク、ほっ-する、ほ-しい
cor,浴,ヨク、あ-びる、あ-びせる
cor,溶,ヨウ、と-ける、と-かす、と-く
cor1,脚,キャク、（キャ）、あし
cor,裕,ユウ
cor ,谷,コク、たに
cr,沿,エン、そ-う
cr,船,セン、ふね、（ふな）
cr,鉛,エン、なまり
cru,悦,エツ
cru,税,ゼイ
cru,脱,ダツ、ぬ-ぐ、ぬ-げる
cru,説,セツ、（ゼイ）、と-く
cru,鋭,エイ、するど-い
cru,閲,エツ
csh ,分,ブン、フン、ブ、わ-ける、わ-かれる、わ-かる、わ-かつ
csh,盆,ボン
csh,粉,フン、こ、こな
csh,紛,フン、まぎ-れる、まぎ-らす、まぎ-らわす、まぎ-らわしい
csh,貧,ヒン、ビン、まず-しい
csh,雰,フン
csh,頒,ハン
cwa,僧,ソウ
cwa,増,ゾウ、ま-す、ふ-える、ふ-やす
cwa,層,ソウ
cwa,憎,ゾウ、にく-む、にく-い、にく-らしい、にく-しみ
cwa ,曽,ソウ、（ゾ）
cwa,贈,ゾウ、（ソウ）、おく-る
d,休,キュウ、やす-む、やす-まる、やす-める
d,困,コン、こま-る
d,床,ショウ、とこ、ゆか
d ,木,ボク、モク、き、（こ）
d,林,リン、はやし
d,森,シン、もり
d,茶,チャ、サ
d,閑,カン
d,集,シュウ、あつ-まる、あつ-める、つど-う
db,刺,シ、さ-す、さ-さる
db,策,サク
dbu,想,ソウ、（ソ）
dbu ,相,ソウ、ショウ、あい
dbu,箱,はこ
dbu,霜,ソウ、しも
dd,鬱,ウツ
ddf ,禁,キン
ddf,襟,キン、えり
dh ,才,サイ
dh,材,ザイ
dh,財,ザイ、（サイ）
dh,閉,ヘイ、と-じる、と-ざす、し-める、し-まる
dhe,婆,バ
dhe,彼,ヒ、かれ、（かの）
dhe,披,ヒ
dhe,波,ハ、なみ
dhe,疲,ヒ、つか-れる
dhe ,皮,ヒ、かわ
dhe,破,ハ、やぶ-る、やぶ-れる
dhe,被,ヒ、こうむ-る
di,奪,ダツ、うば-う
di,守,シュ、（ス）、まも-る、も-り
di ,寸,スン
di,対,タイ、ツイ
di,封,フウ、ホウ
di,村,ソン、むら
di,狩,シュ、か-る、か-り
di,耐,タイ、た-える
di,肘,ひじ
ibi,薄,ハク、うす-い、うす-める、うす-まる、うす-らぐ、うす-れる
di,討,トウ、う-つ
di,転,テン、ころ-がる、ころ-げる、ころ-がす、ころ-ぶ
di,酎,チュウ
dj,抹,マツ
dj ,末,マツ、バツ、すえ
dk,快,カイ、こころよ-い
dk,決,ケツ、き-める、き-まる
dl,勅,チョク
dl,整,セイ、ととの-える、ととの-う
dl ,束,ソク、たば
dl,瀬,せ
dl,疎,ソ、うと-い、うと-む
dl,速,ソク、はや-い、はや-める、はや-まる、すみ-やか
dl,頼,ライ、たの-む、たの-もしい、たよ-る
dm,奔,ホン
dm ,本,ホン、もと
dmf,隷,レイ
dmq,偉,イ、えら-い
dmq,囲,イ、かこ-む、かこ-う
dmq,緯,イ
dmq,衛,エイ
dmq,違,イ、ちが-う、ちが-える
dmq,韓,カン
doe,漆,シツ、うるし
doe,膝,ひざ
doo,来,ライ、く-る、きた-る、きた-す
doo,麦,バク、むぎ
dw,凍,トウ、こお-る、こご-える
dw ,東,トウ、ひがし
dw,棟,トウ、むね、（むな）
dw,欄,ラン
dw,陳,チン
dwf,練,レン、ね-る
dwf,錬,レン
e,又,また
e,水,スイ、みず
ea,踏,トウ、ふ-む、ふ-まえる
eee,桑,ソウ、くわ
eg,怪,カイ、あや-しい、あや-しむ
eii,騒,ソウ、さわ-ぐ
f ,火,カ、ひ、（ほ）
f,灰,カイ、はい
f,炭,タン、すみ
f,煩,ハン、（ボン）、わずら-う、わずら-わす
fb,削,サク、けず-る
fb,宵,ショウ、よい
fb,消,ショウ、き-える、け-す
fb,硝,ショウ
fb ,肖,ショウ
fbc,償,ショウ、つぐな-う
fbc ,賞,ショウ
fbc,鎖,サ、くさり
fbk,幣,ヘイ
fbk,弊,ヘイ
fbk,蔽,ヘイ
fbr,尚,ショウ
fc,脊,セキ
fd ,米,ベイ、マイ、こめ
fd,粛,シュク
fd,迷,メイ、まよ-う
fdk,類,ルイ、たぐ-い
ff,労,ロウ
ff,営,エイ、いとな-む
ff,栄,エイ、さか-える、は-え、は-える
ff1,淡,タン、あわ-い
ff1 ,炎,エン、ほのお
ff,蛍,ケイ、ほたる
ff1,談,ダン
fh,劣,レツ、おと-る
fh,妙,ミョウ
fh ,少,ショウ、すく-ない、すこ-し
fh,抄,ショウ
fh,沙,サ
fh,渉,ショウ
fh,省,セイ、ショウ、かえり-みる、はぶ-く
fh,砂,サ、シャ、すな
fh,秒,ビョウ
fhf,隙,ゲキ、すき
fk,咲,さ-く
fmu,光,コウ、ひか-る、ひかり
fq,伴,ハン、バン、ともな-う
fq,判,ハン、バン
fq1,券,ケン
fq,勝,ショウ、か-つ、まさ-る
fq ,半,ハン、なか-ば
fq1,圏,ケン
fq1,巻,カン、ま-く、まき
fq1,拳,ケン、こぶし
fq,畔,ハン
fq1,藤,トウ、ふじ
fq1,騰,トウ
fq1,謄,トウ
g,仕,シ、（ジ）、つか-える
g,吐,ト、は-く
g ,土,ド、ト、つち
g,壮,ソウ
g,壱,イチ
g,社,シャ、やしろ
gbd,勃,ボツ
gbu,殻,カク、から
gce,陵,リョウ、みささぎ
gcg,勢,セイ、いきお-い
gcg,熱,ネツ、あつ-い
gcg,睦,ボク
gcg,芸,ゲイ
gcg,陸,リク
gd,穀,コク
gdi,侍,ジ、さむらい
gdi ,寺,ジ、てら
gdi,待,タイ、ま-つ
gdi,持,ジ、も-つ
gdi,時,ジ、とき
gdi,特,トク
gdi,等,トウ、ひと-しい
gdi,詩,シ
gg,佳,カ
gg,崖,ガイ、がけ
gg,掛,か-ける、か-かる、かかり
gg,涯,ガイ
gg,街,ガイ、（カイ）、まち
ggu,暁,ギョウ、あかつき
ggu,焼,ショウ、や-く、や-ける
gi ,去,キョ、コ、さ-る
gi,法,ホウ、（ハッ）、（ホッ）
gi,蓋,ガイ、ふた
glc,嚇,カク
glc ,赤,セキ、（シャク）、あか、あか-い、あか-らむ、あか-らめる
glc,赦,シャ
gmf,款,カン
gni,寿,ジュ、ことぶき
gni,鋳,チュウ、い-る
gp ,志,シ、こころざ-す、こころざし
gp,誌,シ
gr ,吉,キチ、キツ
gr,喜,キ、よろこ-ぶ
gr,結,ケツ、むす-ぶ、ゆ-う、ゆ-わえる
gr,詰,キツ、つ-める、つ-まる、つ-む
grt,樹,ジュ
grt,膨,ボウ、ふく-らむ、ふく-れる
grt,鼓,コ、つづみ
grv,園,エン、その
grv,猿,エン、さる
grv,遠,エン、（オン）、とお-い
gtj,執,シツ、シュウ、と-る
gtj,宰,サイ
gtj ,幸,コウ、さいわ-い、さち、しあわ-せ
gtj,摯,シ
gwc,続,ゾク、つづ-く、つづ-ける
gwc,読,ドク、トク、（トウ）、よ-む
gyo,徒,ト
gyo ,走,ソウ、はし-る
h,竹,チク、たけ
ha,伯,ハク
ha,拍,ハク、（ヒョウ）
ha,泊,ハク、と-まる、と-める
ha ,白,ハク、ビャク、しろ、（しら）、しろ-い
ha,舶,ハク
ha,迫,ハク、せま-る
hab,綿,メン、わた
hab,錦,キン、にしき
hae ,泉,セン、いずみ
hae,線,セン
hae,腺,セン
haf ,鳥,チョウ、とり
haf,鳴,メイ、な-く、な-る、な-らす
hai,廊,ロウ
hai,朗,ロウ、ほが-らか
hai ,郎,ロウ
has,激,ゲキ、はげ-しい
hau,島,トウ、しま
hau,貌,ボウ
hb,学,ガク、まな-ぶ
hbi,舟,シュウ、ふね、（ふな）
hbk,嗅,キュウ、か-ぐ
hbr,向,コウ、む-く、む-ける、む-かう、む-こう
hbt,血,ケツ、ち
hbu,算,サン
hbu,自,ジ、シ、みずか-ら
hbu,臭,シュウ、くさ-い、にお-う
hd,奥,オウ、おく
hd,季,キ
hd,菌,キン
hd,香,コウ、（キョウ）、か、かお-り、かお-る
hdd,暦,レキ、こよみ
hdd,歴,レキ
hdf,愁,シュウ、うれ-える、うれ-い
hdf ,秋,シュウ、あき
hdp ,乗,ジョウ、の-る、の-せる
hdp,剰,ジョウ
hds ,秀,シュウ、ひい-でる
hds,誘,ユウ、さそ-う
hds,透,トウ、す-く、す-かす、す-ける
hdv ,委,イ、ゆだ-ねる
hdv,萎,イ、な-える
hdw,審,シン
hdw ,番,バン
hdw,翻,ホン、ひるがえ-る、ひるがえ-す
hdw,藩,ハン
he ,反,ハン、（ホン）、（タン）、そ-る、そ-らす
he,坂,ハン、さか
he,板,ハン、バン、いた
he,版,ハン
he,販,ハン
he,返,ヘン、かえ-す、かえ-る
he,阪,ハン
he,飯,ハン、めし
hej,峰,ホウ、みね
hej,縫,ホウ、ぬ-う
hej,蜂,ホウ、はち
hem,隆,リュウ
heq,降,コウ、お-りる、お-ろす、ふ-る
her ,各,カク、おのおの
her,客,キャク、カク
her,格,カク、（コウ）
her,略,リャク
her,絡,ラク、から-む、から-まる、から-める
her,落,ラク、お-ちる、お-とす
her,賂,ロ
her,路,ロ、じ
her,酪,ラク
her,閣,カク
her,露,ロ、（ロウ）、つゆ
her,額,ガク、ひたい
hey ,冬,トウ、ふゆ
hey,終,シュウ、お-わる、お-える
hfd,呼,コ、よ-ぶ
hg1 ,任,ニン、まか-せる、まか-す
hg1,妊,ニン
hg,庭,テイ、にわ
hg ,廷,テイ
hg,程,テイ、ほど
hg,聖,セイ
hg,艇,テイ
hg1,賃,チン
hgr ,告,コク、つ-げる
hgr,造,ゾウ、つく-る
hgr,酷,コク
hgu ,先,セン、さき
hgu,洗,セン、あら-う
hgu,銑,セン
hh,瑠,ル
hh ,留,リュウ、（ル）、と-める、と-まる
hh,貿,ボウ
hhh,杉,すぎ
hhh,須,ス
hhl,柳,リュウ、やなぎ
hhv,派,ハ
hhv,脈,ミャク
hj,千,セン、ち
hj1,循,ジュン
hj1 ,盾,ジュン、たて
hjd ,朱,シュ
hjd,殊,シュ、こと
hjd,珠,シュ
hjg,働,ドウ、はたら-く
hjg ,動,ドウ、うご-く、うご-かす
hjg,種,シュ、たね
hjg,腫,シュ、は-れる、は-らす
hjg,薫,クン、かお-る
hjg,衝,ショウ
hjg ,重,ジュウ、チョウ、え、おも-い、かさ-ねる、かさ-なる
hjm,唾,ダ、つば
hjm ,垂,スイ、た-れる、た-らす
hjm,睡,スイ
hjm,郵,ユウ
hjm,錘,スイ、つむ
hjr,括,カツ
hjr,活,カツ
hjr ,舌,ゼツ、した
hjr,話,ワ、はな-す、はなし
hjw,勲,クン
hk,妖,ヨウ、あや-しい
hk,沃,ヨク
hk1,添,テン、そ-える、そ-う
hk,笑,ショウ、わら-う、え-む
hkb,橋,キョウ、はし
hkb,矯,キョウ、た-める
hli,嵐,あらし
hli ,風,フウ、（フ）、かぜ、（かざ）
hlo,爪,つめ、（つま）
hml,匠,ショウ
hml,哲,テツ
hml,所,ショ、ところ
hml,折,セツ、お-る、おり、お-れる
hml ,斤,キン
hml,断,ダン、た-つ、ことわ-る
hml,新,シン、あたら-しい、あら-た、にい
hml,析,セキ
hml,祈,キ、いの-る
hml,誓,セイ、ちか-う
hml,質,シツ、シチ、（チ）
hml,近,キン、ちか-い
hml,逝,セイ、ゆ-く、い-く
hmr,后,コウ
hmy ,斥,セキ
hmy,訴,ソ、うった-える
hn,冗,ジョウ
hn,机,キ、つくえ
hn,肌,はだ
hn,飢,キ、う-える
hne1,廃,ハイ、すた-れる、すた-る
hne,役,ヤク、エキ
hne,投,トウ、な-げる
hne,没,ボツ
hne,疫,エキ、（ヤク）
hne1 ,発,ハツ、ホツ
hne,股,コ、また
hne,設,セツ、もう-ける
hni ,凡,ボン、（ハン）
hni,帆,ハン、ほ
hni,恐,キョウ、おそ-れる、おそ-ろしい
hni,汎,ハン
ho,八,ハチ、や、や-つ、やっ-つ、（よう）
hp,宅,タク
hp,託,タク
hp,逓,テイ
hpa,婚,コン
hpm,低,テイ、ひく-い、ひく-める、ひく-まる
hpm,底,テイ、そこ
hpm,抵,テイ
hpm,邸,テイ
hq,件,ケン
hq ,牛,ギュウ、うし
hq,牧,ボク、まき
hq,看,カン
hqb ,制,セイ
hqb,製,セイ
hqi ,我,ガ、われ、わ
hqi,餓,ガ
hqm,姓,セイ、ショウ
hqm,性,セイ、ショウ
hqm,星,セイ、（ショウ）、ほし
hqm,牲,セイ
hqm ,生,セイ、ショウ、い-きる、い-かす、い-ける、う-まれる、う-む、お-う、は-える、は-やす、き、なま
hqm,醒,セイ
hqo ,失,シツ、うしな-う
hqo,秩,チツ
hqo,迭,テツ
hqu,尾,ビ、お
hqu ,毛,モウ、け
hqu,耗,モウ、（コウ）
hrr,追,ツイ、お-う
hrr,阜,（フ）
hs,作,サク、サ、つく-る
hs,印,イン、しるし
hs,啓,ケイ
hs ,戸,コ、と
hs,戻,レイ、もど-す、もど-る
hs,扇,セン、おうぎ
hs1,搾,サク、しぼ-る
hs1,昨,サク
hs,涙,ルイ、なみだ
hs,炉,ロ
hs,肩,ケン、かた
hs1,詐,サ
hs1,酢,サク、す
hs,雇,コ、やと-う
hs,顧,コ、かえり-みる
hsb,偏,ヘン、かたよ-る
hsb,編,ヘン、あ-む
hsb,遍,ヘン
hsj ,段,ダン
hsj,鍛,タン、きた-える
ht ,升,ショウ、ます
ht,昇,ショウ、のぼ-る
ht,飛,ヒ、と-ぶ、と-ばす
hua,潜,セン、ひそ-む、もぐ-る
huc,賛,サン
hup ,息,ソク、いき
hup,憩,ケイ、いこ-い、いこ-う
hus,辺,ヘン、あた-り、べ
hvf,係,ケイ、かか-る、かかり
hvf,孫,ソン、まご
hvf ,系,ケイ
hvf,遜,ソン
hvl,仰,ギョウ、（コウ）、あお-ぐ、おお-せ
hvl,抑,ヨク、おさ-える
hvl,迎,ゲイ、むか-える
hvo,孤,コ
hvo,弧,コ
hvp ,氏,シ、うじ
hvp,紙,シ、かみ
hw ,卑,ヒ、いや-しい、いや-しむ、いや-しめる
hw,碑,ヒ
hwk,窓,ソウ、まど
hwp,総,ソウ
hwu,塊,カイ、かたまり
hwu,醜,シュウ、みにく-い
hwu ,鬼,キ、おに
hwu,魂,コン、たましい
hx,児,ジ、（ニ）
hx,写,シャ、うつ-す、うつ-る
hx,挿,ソウ、さ-す
hx,捜,ソウ、さが-す
hx,旧,キュウ
hx,潟,かた
hx,痩,ソウ、や-せる
hx,稲,トウ、いね、（いな）
hx ,臼,キュウ、うす
hx,薦,セン、すす-める
hx,陥,カン、おちい-る、おとしい-れる
hxb,興,コウ、キョウ、おこ-る、おこ-す
hxg,毀,キ
hxh,窮,キュウ、きわ-める、きわ-まる
hxh ,身,シン、み
hxi1 ,射,シャ、い-る
hxi1,謝,シャ、あやま-る
hxy,与,ヨ、あた-える
hxy,挙,キョ、あ-げる、あ-がる
hxy,誉,ヨ、ほま-れ
hye1,搬,ハン
hye,盤,バン
hye1 ,般,ハン
hym ,延,エン、の-びる、の-べる、の-ばす
hym,誕,タン
i,伐,バツ
i1,国,コク、くに
i1,域,イキ
ii,惑,ワク、まど-う
i2,戒,カイ、いまし-める
i,戦,セン、いくさ、たたか-う
i2,械,カイ
i,畿,キ
i,私,シ、わたくし、わたし
i,賊,ゾク
i,閥,バツ
ir ,倉,ソウ、くら
iav,浪,ロウ
iav ,良,リョウ、よ-い
iav,食,ショク、（ジキ）、く-う、く-らう、た-べる
iav,養,ヨウ、やしな-う
ibi,博,ハク、（バク）
ibi,簿,ボ
ibi,縛,バク、しば-る
ibs,敷,フ、し-く
ic,翁,オウ
ice,俊,シュン
ice,唆,サ、そそのか-す
ice,酸,サン、す-い
idd,摩,マ
idd,磨,マ、みが-く
idd,魔,マ
ig,粧,ショウ
ih1,城,ジョウ、しろ
ih,威,イ
ih2 ,幾,キ、いく
ih,感,カン
ih,憾,カン
ih1 ,成,セイ、（ジョウ）、な-る、な-す
ih,戚,セキ
ih2,機,キ、はた
ih,歳,サイ、（セイ）
ih,減,ゲン、へ-る、へ-らす
ih,滅,メツ、ほろ-びる、ほろ-ぼす
ih1,盛,セイ、（ジョウ）、も-る、さか-る、さか-ん
ih,茂,モ、しげ-る
ih,蔑,ベツ、さげす-む
ih1,誠,セイ、まこと
ih,越,エツ、こ-す、こ-える
ii,桟,サン
ii,残,ザン、のこ-る、のこ-す
ii,浅,セン、あさ-い
ii,箋,セン
ii,践,セン
ii,銭,セン、ぜに
iih ,参,サン、まい-る
iih,惨,サン、ザン、みじ-め
ijb,哺,ホ
ijb,捕,ホ、と-らえる、と-らわれる、と-る、つか-まえる、つか-まる
ijb,浦,うら
ijb,舗,ホ
ijb,補,ホ、おぎな-う
ijc,術,ジュツ
ijc,述,ジュツ、の-べる
ijc,麻,マ、あさ
ije1,救,キュウ、すく-う
ije1 ,求,キュウ、もと-める
ije1,球,キュウ、たま
ik,伏,フク、ふ-せる、ふ-す
ik ,犬,ケン、いぬ
ik,状,ジョウ
ik,献,ケン、（コン）
ik,突,トツ、つ-く
ikk,抜,バツ、ぬ-く、ぬ-ける、ぬ-かす、ぬ-かる
ikk,髪,ハツ、かみ
iku ,就,シュウ、（ジュ）、つ-く、つ-ける
iku,蹴,シュウ、け-る
ili,強,キョウ、ゴウ、つよ-い、つよ-まる、つよ-める、し-いる
ill ,州,シュウ、す
ill,酬,シュウ
ime,氷,ヒョウ、こおり、ひ
imo,姿,シ、すがた
imo,恣,シ
imo ,次,ジ、シ、つ-ぐ、つぎ
imo,盗,トウ、ぬす-む
imo,羨,セン、うらや-む、うらや-ましい
imo,茨,（いばら）
imo,諮,シ、はか-る
imo,資,シ
ine ,永,エイ、なが-い
ine,泳,エイ、およ-ぐ
ine,詠,エイ、よ-む
ino ,乏,ボウ、とぼ-しい
ino,芝,しば
iok,挨,アイ
ip,代,ダイ、タイ、か-わる、か-える、よ、しろ
ip1 ,式,シキ
ip,弐,ニ
ip1,拭,ショク、ふ-く、ぬぐ-う
ip,武,ブ、ム
ip,袋,タイ、ふくろ
ip1,試,シ、こころ-みる、ため-す
ip,貸,タイ、か-す
ip,賦,フ
ipp,態,タイ
ipp,熊,くま
ipp,罷,ヒ
ipp ,能,ノウ
ir,冶,ヤ
ir ,台,ダイ、タイ
ir,始,シ、はじ-める、はじ-まる
ir,怠,タイ、おこた-る、なま-ける
ir,治,ジ、チ、おさ-める、おさ-まる、なお-る、なお-す
ir,胎,タイ
it,弁,ベン
ite ,度,ド、（ト）、（タク）、たび
ite,渡,ト、わた-る、わた-す
itf ,庶,ショ
itf,遮,シャ、さえぎ-る
iua,稽,ケイ
ix1,慶,ケイ
ix ,鹿,しか、（か）
ix,麓,ロク、ふもと
ix,麗,レイ、うるわ-しい
j,十,ジュウ、ジッ、とお、と
j,汁,ジュウ、しる
j,計,ケイ、はか-る、はか-らう
j,針,シン、はり
jb,南,ナン、（ナ）、みなみ
jb,肺,ハイ
jbc,塡,テン
jbc,慎,シン、つつし-む
jbc ,真,シン、ま
jbc,鎮,チン、しず-める、しず-まる
jbj,軍,グン
jbm,値,チ、ね、あたい
jbm,植,ショク、う-える、う-わる
jbm,殖,ショク、ふ-える、ふ-やす
jbm ,直,チョク、ジキ、ただ-ちに、なお-す、なお-る
jbm,置,チ、お-く
jc,穴,ケツ、あな
jd,味,ミ、あじ、あじ-わう
jd,妹,マイ、いもうと
jd,昧,マイ
jd ,未,ミ
jd,魅,ミ
je,伎,キ
je,岐,キ
je,技,ギ、わざ
je ,支,シ、ささ-える
je,枝,シ、えだ
je,肢,シ
ji,戴,タイ
ji,栽,サイ
ji,繊,セン
ji,裁,サイ、た-つ、さば-く
ji,載,サイ、の-せる、の-る
ji,鉄,テツ
jii,伝,デン、つた-わる、つた-える、つた-う
jii,団,ダン、（トン）
jii,専,セン、もっぱ-ら
jip,穂,スイ、ほ
jjb,嘲,チョウ、あざけ-る
jjb ,朝,チョウ、あさ
jjb,潮,チョウ、しお
jjl ,斬,ザン、き-る
jjl,暫,ザン
jjl,漸,ゼン
jk,丈,ジョウ、たけ
jka,暑,ショ、あつ-い
jka,煮,シャ、に-る、に-える、に-やす
jka,着,チャク、（ジャク）、き-る、き-せる、つ-く、つ-ける
jka,箸,はし
jka,緒,ショ、（チョ）、お
jka,署,ショ
jka ,者,シャ、もの
jka,著,チョ、あらわ-す、いちじる-しい
jka,諸,ショ
jka,賭,ト、か-ける
jka,都,ト、ツ、みやこ
jkd ,孝,コウ
jkd,教,キョウ、おし-える、おそ-わる
jkd,酵,コウ
jkp,老,ロウ、お-いる、ふ-ける
jks,拷,ゴウ
jks ,考,コウ、かんが-える
jlk,使,シ、つか-う
jlk ,吏,リ
jln,事,ジ、（ズ）、こと
jlv,凄,セイ
jlv ,妻,サイ、つま
jm,士,シ
jmc,浜,ヒン、はま
jmc,賓,ヒン
jmf ,宗,シュウ、ソウ
jmf,崇,スウ
jmf,踪,ソウ
jmn,貯,チョ
jmo,錠,ジョウ
jmu,院,イン
jqm,憲,ケン
jqr,割,カツ、わ-る、わり、わ-れる、さ-く
jqr,轄,カツ
jr1,個,コ
jr,克,コク
jr ,古,コ、ふる-い、ふる-す
jr1 ,固,コ、かた-める、かた-まる、かた-い
jr2 ,居,キョ、い-る
jr2,据,す-える、す-わる
jr,故,コ、ゆえ
jr,枯,コ、か-れる、か-らす
jr,湖,コ、みずうみ
jr1,箇,カ
jr,苦,ク、くる-しい、くる-しむ、くる-しめる、にが-い、にが-る
jr2,裾,すそ
jr1,錮,コ
jtc,噴,フン、ふ-く
jtc,墳,フン
jtc,憤,フン、いきどお-る
ju,七,シチ、なな、なな-つ、（なの）
jv ,安,アン、やす-い
jv,案,アン
jwi,恵,ケイ、エ、めぐ-む
jwj,庫,コ、（ク）
jwj ,車,シャ、くるま
jwj,連,レン、つら-なる、つら-ねる、つ-れる
jwj,陣,ジン
jwp,庁,チョウ
jwp,徳,トク
jwp,聴,チョウ、き-く
k1,咽,イン
k1 ,因,イン、よ-る
k ,大,ダイ、タイ、おお、おお-きい、おお-いに
k1,姻,イン
k1,恩,オン
k1,温,オン、あたた-か、あたた-かい、あたた-まる、あたた-める
kb,堕,ダ
kb,惰,ダ
kb ,有,ユウ、ウ、あ-る
kb,賄,ワイ、まかな-う
kb,随,ズイ
kb,髄,ズイ
kcf,僚,リョウ
kcf,寮,リョウ
kcf,療,リョウ
kcf,瞭,リョウ
kd,刹,サツ、セツ
kd,殺,サツ、（サイ）、（セツ）、ころ-す
ke,友,ユウ、とも
ki ,太,タイ、タ、ふと-い、ふと-る
ki,汰,タ
ki1,雄,ユウ、お、おす
ki,駄,ダ
kkk,爽,ソウ、さわ-やか
kl,在,ザイ、あ-る
kl,存,ソン、ゾン
klb,希,キ
klb,怖,フ、こわ-い
km,佐,サ
km ,左,サ、ひだり
kmr,埼,（さい）
kmr ,奇,キ
kmr,寄,キ、よ-る、よ-せる
kmr,崎,さき
kmr,椅,イ
kmr,騎,キ
kms,誇,コ、ほこ-る
kn,丸,ガン、まる、まる-い、まる-める
kn ,九,キュウ、ク、ここの、ここの-つ
kn,尻,しり
kn,染,セン、そ-める、そ-まる、し-みる、し-み
kn,究,キュウ、きわ-める
kn,軌,キ
kog,奮,フン、ふる-う
kok,嫉,シツ
kok,疾,シツ
koo,峡,キョウ
koo,挟,キョウ、はさ-む、はさ-まる
koo,狭,キョウ、せま-い、せば-める、せば-まる
koo,頰,ほお
kr1,匿,トク
kr,右,ウ、ユウ、みぎ
kr1 ,若,ジャク、（ニャク）、わか-い、も-しくは
kr,諾,ダク
ks ,力,リョク、リキ、ちから
kss ,協,キョウ
ks,寡,カ
ks,男,ダン、ナン、おとこ
ks,筋,キン、すじ
ksr ,加,カ、くわ-える、くわ-わる
ksr,架,カ、か-ける、か-かる
ksr,賀,ガ
kss,脅,キョウ、おびや-かす、おど-す、おど-かす
kss,脇,わき
kwu,俺,おれ
l,中,チュウ、（ジュウ）、なか
l,仲,チュウ、なか
l,忠,チュウ
l,沖,チュウ、おき
l,虫,チュウ、むし
lb,巾,キン
lb,布,フ、ぬの
lb,帥,スイ
lb1,庸,ヨウ
lbk ,央,オウ
lbk,映,エイ、うつ-る、うつ-す、は-える
lbk,英,エイ
lbu,枕,まくら
lbu,沈,チン、しず-む、しず-める
le,康,コウ
le,逮,タイ
lg,昼,チュウ、ひる
lg,書,ショ、か-く
lg,画,ガ、カク
lk,史,シ
ll,串,くし
ll,患,カン、わずら-う
ll,班,ハン
lll1 ,川,セン、かわ
lll,片,ヘン、かた
lll1,訓,クン
lll1,順,ジュン
lln ,仏,ブツ、ほとけ
lln,払,フツ、はら-う
lln,沸,フツ、わ-く、わ-かす
lln,費,ヒ、つい-やす、つい-える
lmc,潰,カイ、つぶ-す、つぶ-れる
lmc ,貴,キ、たっと-い、とうと-い、たっと-ぶ、とうと-ぶ
lmc,遺,イ、（ユイ）
lmf,尽,ジン、つ-くす、つ-きる、つ-かす
lmo ,兆,チョウ、きざ-す、きざ-し
lmo,挑,チョウ、いど-む
lmo,桃,トウ、もも
lmo,眺,チョウ、なが-める
lmo,跳,チョウ、は-ねる、と-ぶ
lmo,逃,トウ、に-げる、に-がす、のが-す、のが-れる
lmp ,北,ホク、きた
lmp,背,ハイ、せ、せい、そむ-く、そむ-ける
lmr,遣,ケン、つか-う、つか-わす
lmy,俳,ハイ
lmy,悲,ヒ、かな-しい、かな-しむ
lmy,扉,ヒ、とびら
lmy,排,ハイ
lmy,罪,ザイ、つみ
lmy,輩,ハイ
lmy ,非,ヒ
ln1,刈,か-る
ln ,利,リ、き-く
ln,梨,なし
ln,痢,リ
ln2,罰,バツ、バチ
lq,律,リツ、（リチ）
lq,津,シン、つ
lq,筆,ヒツ、ふで
lr ,唐,トウ、から
lr,糖,トウ
lw,宙,チュウ
lw,抽,チュウ
lw,油,ユ、あぶら
lw ,由,ユ、ユウ、（ユイ）、よし
lw,笛,テキ、ふえ
lw,袖,シュウ、そで
lw,軸,ジク
lwl,伸,シン、の-びる、の-ばす、の-べる
lwl ,申,シン、もう-す
lwl,神,シン、ジン、かみ、（かん）、（こう）
lwl,紳,シン
lwv ,数,スウ、（ス）、かず、かぞ-える
lwv,楼,ロウ
lxh,姉,シ、あね
m,一,イチ、イツ、ひと、ひと-つ
m,圧,アツ
ma1 ,宿,シュク、やど、やど-る、やど-す
ma ,百,ヒャク
ma1,縮,シュク、ちぢ-む、ちぢ-まる、ちぢ-める、ちぢ-れる、ちぢ-らす
maf,願,ガン、ねが-う
mam,垣,かき
mam,宣,セン
mam,恒,コウ
mb,雨,ウ、あめ、（あま）
mbe,優,ユウ、やさ-しい、すぐ-れる
mbe ,憂,ユウ、うれ-える、うれ-い、う-い
mbl,儒,ジュ
mbl ,需,ジュ
mbu,夏,カ、（ゲ）、なつ
mcb,璽,ジ
mcw1 ,西,セイ、サイ、にし
mcw,遷,セン
mcw1,酒,シュ、さけ、（さか）
md,宇,ウ
md,汚,オ、けが-す、けが-れる、けが-らわしい、よご-す、よご-れる、きたな-い
md,芋,いも
mdm,五,ゴ、いつ、いつ-つ
mem,極,キョク、ゴク、きわ-める、きわ-まる、きわ-み
mf ,不,フ、ブ
mf,否,ヒ、いな
mf,杯,ハイ、さかずき
mfb,弥,や
mfj,坪,つぼ
mfj ,平,ヘイ、ビョウ、たい-ら、ひら
mfj,評,ヒョウ
mg,呈,テイ
mg,弄,ロウ、もてあそ-ぶ
mg,旺,オウ
mg,潤,ジュン、うるお-う、うるお-す、うる-む
mg,狂,キョウ、くる-う、くる-おしい
mg ,王,オウ
mg,皇,コウ、オウ
mgb,再,サイ、（サ）、ふたた-び
mgi,玉,ギョク、たま
mhf ,原,ゲン、はら
mhf,源,ゲン、みなもと
mhi,築,チク、きず-く
mig1,倒,トウ、たお-れる、たお-す
mig1 ,到,トウ
mig,室,シツ、むろ
mig,窒,チツ
mig,緻,チ
mig ,至,シ、いた-る
mig,致,チ、いた-す
mj,刊,カン
mj,岸,ガン、きし
mj ,干,カン、ほ-す、ひ-る
mj,幹,カン、みき
mj,汗,カン、あせ
mj,肝,カン、きも
mj,軒,ケン、のき
mjr,舎,シャ
mk ,天,テン、あめ、（あま）
mk,蚕,サン、かいこ
mlb,師,シ
mlj,敢,カン
mlk,便,ベン、ビン、たよ-り
mlk ,更,コウ、さら、ふ-ける、ふ-かす
mlk,梗,コウ
mlk,硬,コウ、かた-い
mllm ,亜,ア
mllm,悪,アク、オ、わる-い
mlm,功,コウ、（ク）
mlm ,工,コウ、ク
mlm,巧,コウ、たく-み
mlm,控,コウ、ひか-える
mlm,攻,コウ、せ-める
mlm,江,コウ、え
mlm,空,クウ、そら、あ-く、あ-ける、から
mlm,紅,コウ、（ク）、べに、くれない
mlm,虹,にじ
mlm,貢,コウ、（ク）、みつ-ぐ
mlm,項,コウ
mlo,両,リョウ
mm ,二,ニ、ふた、ふた-つ
mm,仁,ジン、（ニ）
mmf,奈,ナ
mmf ,示,ジ、シ、しめ-す
mmi,曇,ドン、くも-る
mmi ,雲,ウン、くも
mmm,三,サン、み、み-つ、みっ-つ
mmn,桁,けた
mmn ,行,コウ、ギョウ、（アン）、い-く、ゆ-く、おこな-う
mmr,悟,ゴ、さと-る
mmr,語,ゴ、かた-る、かた-らう
mmu ,元,ゲン、ガン、もと
mmu,冠,カン、かんむり
mmu,完,カン
mmu,玩,ガン
mmu,頑,ガン
mmv,唇,シン、くちびる
mmv,娠,シン
mmv,振,シン、ふ-る、ふ-るう、ふ-れる
mmv,辱,ジョク、はずかし-める
mmv,震,シン、ふる-う、ふる-える
mn ,丁,チョウ、テイ
mn1,乙,オツ
mn,亭,テイ
mn,停,テイ
mn,寧,ネイ
mn,打,ダ、う-つ
mn,町,チョウ、まち
mn,訂,テイ
mn,頂,チョウ、いただ-く、いただき
mnn,例,レイ、たと-える
mnn ,列,レツ
mnn,烈,レツ
mnn,裂,レツ、さ-く、さ-ける
mnp ,死,シ、し-ぬ
mnp,葬,ソウ、ほうむ-る
mnr,何,カ、なに、（なん）
mnr ,可,カ
mnr,歌,カ、うた、うた-う
mnr,河,カ、かわ
mnr,苛,カ
mnr,荷,カ、に
mob ,丙,ヘイ
mob,柄,ヘイ、がら、え
mob,病,ビョウ、（ヘイ）、や-む、やまい
mpo,塚,つか
mqj,拝,ハイ、おが-む
mr,妬,ト、ねた-む
mr,岩,ガン、いわ
mr,拓,タク
mr1,捨,シャ、す-てる
mr ,石,セキ、（シャク）、（コク）、いし
mrb,融,ユウ
mrb,隔,カク、へだ-てる、へだ-たる
mrt,澄,チョウ、す-む、す-ます
mrt,灯,トウ、ひ
mrt,痘,トウ
mrt,登,トウ、ト、のぼ-る
mrt,短,タン、みじか-い
mrt ,豆,トウ、（ズ）、まめ
mrt,闘,トウ、たたか-う
mrt,頭,トウ、ズ、（ト）、あたま、かしら
mrw,副,フク
mrw,富,フ、（フウ）、と-む、とみ
mrw,幅,フク、はば
mrw,当,トウ、あ-たる、あ-てる
mrw,福,フク
msj,厳,ゲン、（ゴン）、おごそ-か、きび-しい
mso,嫁,カ、よめ、とつ-ぐ
mso ,家,カ、ケ、いえ、や
mso,稼,カ、かせ-ぐ
mso,豚,トン、ぶた
mso,豪,ゴウ
mso,逐,チク
mt ,刑,ケイ
mt,型,ケイ、かた
mt,形,ケイ、ギョウ、かた、かたち
mt,研,ケン、と-ぐ
mt,開,カイ、ひら-く、ひら-ける、あ-く、あ-ける
mtb,励,レイ、はげ-む、はげ-ます
mtj,華,カ、（ケ）、はな
mv,喪,ソウ、も
mv,畏,イ、おそ-れる
mvh ,牙,ガ、（ゲ）、きば
mvh,芽,ガ、め
mvh,邪,ジャ
mvh,雅,ガ
mvm,径,ケイ
mvm,経,ケイ、キョウ、へ-る
mvm,茎,ケイ、くき
mvm,軽,ケイ、かる-い、かろ-やか
mvni,瓦,ガ、かわら
mvnm,互,ゴ、たが-い
mvs,朽,キュウ、く-ちる
mw,価,カ、あたい
mw,煙,エン、けむ-る、けむり、けむ-い
mwa ,会,カイ、エ、あ-う
mwa,絵,カイ、エ
mwc,演,エン
mwd,慄,リツ
mwf,標,ヒョウ
mwf,漂,ヒョウ、ただよ-う
mwf ,票,ヒョウ
mwl ,面,メン、おも、おもて、つら
mwl,麺,メン
mwv,腰,ヨウ、こし
mwv ,要,ヨウ、かなめ、い-る
my,下,カ、ゲ、した、しも、もと、さ-げる、さ-がる、くだ-る、くだ-す、くだ-さる、お-ろす、お-りる
mym,征,セイ
mym,政,セイ、（ショウ）、まつりごと
mym ,正,セイ、ショウ、ただ-しい、ただ-す、まさ
mym,症,ショウ
mym,証,ショウ
myo1,堤,テイ、つつみ
myo,定,テイ、ジョウ、さだ-める、さだ-まる、さだ-か
myo1,提,テイ、さ-げる
myo1 ,是,ゼ
myo,綻,タン、ほころ-びる
myo1,題,ダイ
n,弓,キュウ、ゆみ
n,引,イン、ひ-く、ひ-ける
nao,像,ゾウ
nao ,象,ショウ、ゾウ
nau ,免,メン、まぬか-れる
nau,勉,ベン
nau,晩,バン
nau ,色,ショク、シキ、いろ
nau,艶,エン、つや
nau1,逸,イツ
nbc,負,フ、ま-ける、ま-かす、お-う
nbg,角,カク、かど、つの
nbk,喚,カン
nbk,換,カン、か-える、か-わる
nc,小,ショウ、ちい-さい、こ、お
ncr,担,タン、かつ-ぐ、にな-う
ncr,胆,タン
nd,厚,コウ、あつ-い
nd,好,コウ、この-む、す-く
nd ,子,シ、ス、こ
nd,孔,コウ
nd,字,ジ、あざ
ndt,猛,モウ
nhe ,及,キュウ、およ-ぶ、およ-び、およ-ぼす
nhe,吸,キュウ、す-う
nhe,扱,あつか-う
nhe,級,キュウ
ni ,夕,セキ、ゆう
ni,外,ガイ、ゲ、そと、ほか、はず-す、はず-れる
nib1 ,勇,ユウ、いさ-む
nib1,湧,ユウ、わ-く
nib,痛,ツウ、いた-い、いた-む、いた-める
nib,踊,ヨウ、おど-る、おど-り
nib,通,ツウ、（ツ）、とお-る、とお-す、かよ-う
nih,務,ム、つと-める、つと-まる
nih,柔,ジュウ、ニュウ、やわ-らか、やわ-らかい
nih ,矛,ム、ほこ
nih,霧,ム、きり
nii ,多,タ、おお-い
nii,移,イ、うつ-る、うつ-す
nin,予,ヨ
nin,序,ジョ
nin,野,ヤ、の
nin,預,ヨ、あず-ける、あず-かる
niq,傑,ケツ
niq,瞬,シュン、またた-く
niq,舞,ブ、ま-う、まい
niq,隣,リン、とな-る、となり
nir ,名,メイ、ミョウ、な
nir,銘,メイ
niu,宛,あ-てる
niu,怨,エン、オン
niu,腕,ワン、うで
nj,迅,ジン
nkf,偽,ギ、いつわ-る、にせ
nkf ,為,イ
nkq,健,ケン、すこ-やか
nkq ,建,ケン、（コン）、た-てる、た-つ
nkq,鍵,ケン、かぎ
nl,弔,チョウ、とむら-う
nlh,弟,テイ、（ダイ）、（デ）、おとうと
nlh,第,ダイ
nmk1 ,侯,コウ
nmk,候,コウ、そうろう
nmk1,喉,コウ、のど
nn,了,リョウ
nno,承,ショウ、うけたまわ-る
nno,蒸,ジョウ、む-す、む-れる、む-らす
no1,久,キュウ、（ク）、ひさ-しい
no,吹,スイ、ふ-く
no ,欠,ケツ、か-ける、か-く
no,炊,スイ、た-く
no,畝,うね
no,軟,ナン、やわ-らか、やわ-らかい
no,飲,イン、の-む
nsp,急,キュウ、いそ-ぐ
nw,亀,キ、かめ
nw,漁,ギョ、リョウ
nw1,衡,コウ
nw ,魚,ギョ、うお、さかな
nyo,婿,セイ、むこ
nyo,旋,セン
nyo,礎,ソ、いしずえ
o,人,ジン、ニン、ひと
o,囚,シュウ
oae,履,リ、は-く
oae,復,フク
oae,腹,フク、はら
oae,複,フク
oae,覆,フク、おお-う、くつがえ-す、くつがえ-る
ob ,内,ナイ、（ダイ）、うち
ob,納,ノウ、（ナッ）、（ナ）、（ナン）、（トウ）、おさ-める、おさ-まる
obg,確,カク、たし-か、たし-かめる
obg,鶴,つる
obo,肉,ニク
od,株,かぶ
odi ,付,フ、つ-ける、つ-く
odi,府,フ
odi,符,フ
odi,腐,フ、くさ-る、くさ-れる、くさ-らす
odi,附,フ
og,准,ジュン
og,双,ソウ、ふた
og,唯,ユイ、（イ）
og,堆,タイ
og,応,オウ、こた-える
og,推,スイ、お-す
og,椎,ツイ
og,準,ジュン
og,焦,ショウ、こ-げる、こ-がす、こ-がれる、あせ-る
og,礁,ショウ
og,稚,チ
og,維,イ
og,誰,だれ
og,進,シン、すす-む、すす-める
og,隻,セキ
oh ,入,ニュウ、い-る、い-れる、はい-る
oh,込,こ-む、こ-める
ohh,珍,チン、めずら-しい
ohh,診,シン、み-る
ohv,旅,リョ、たび
oii ,令,レイ
oii,冷,レイ、つめ-たい、ひ-える、ひ-や、ひ-やす、ひ-やかす、さ-める、さ-ます
oii,鈴,レイ、リン、すず
oii,零,レイ
oii,領,リョウ
oii,齢,レイ
oin ,今,コン、キン、いま
oin,吟,ギン
oin,含,ガン、ふく-む、ふく-める
oin1 ,念,ネン
oin1,捻,ネン
oin,琴,キン、こと
oin,貪,ドン、むさぼ-る
oin,陰,イン、かげ、かげ-る
oir,創,ソウ、つく-る
oj ,午,ゴ
oj,許,キョ、ゆる-す
ojm ,卸,おろ-す、おろし
ojm,御,ギョ、ゴ、おん
oju,缶,カン
oju,鉢,ハチ、（ハツ）
ok,枚,マイ
ok,矢,シ、や
okr,痴,チ
okr ,知,チ、し-る
olb,飾,ショク、かざ-る
oll ,介,カイ
oll,界,カイ
olo,修,シュウ、（シュ）、おさ-める、おさ-まる
olo,悠,ユウ
olo,条,ジョウ
om ,丘,キュウ、おか
om,兵,ヘイ、ヒョウ
om,岳,ガク、たけ
omb,倫,リン
omb,論,ロン
omb,輪,リン、わ
omd ,余,ヨ、あま-る、あま-す
omd,叙,ジョ
omd,塗,ト、ぬ-る
omd,徐,ジョ
omd,斜,シャ、なな-め
omd,途,ト
omd,除,ジョ、（ジ）、のぞ-く
omg ,全,ゼン、まった-く、すべ-て
omg,栓,セン
omg,詮,セン
omn,愉,ユ
omn,気,キ、ケ
omn,汽,キ
omn,癒,ユ、い-える、い-やす
omn,諭,ユ、さと-す
omn,輸,ユ
omo,倹,ケン
omo,剣,ケン、つるぎ
omo,検,ケン
omo,険,ケン、けわ-しい
omo,験,ケン、（ゲン）
omr ,合,ゴウ、ガッ、（カッ）、あ-う、あ-わす、あ-わせる
omr,塔,トウ
omr,拾,シュウ、ジュウ、ひろ-う
omr,搭,トウ
omr,答,トウ、こた-える、こた-え
omr,給,キュウ
omv,喩,ユ
on ,乞,こ-う
on,乾,カン、かわ-く、かわ-かす
oog,勧,カン、すす-める
oog,座,ザ、すわ-る
oog,挫,ザ
oog1,歓,カン
oog1,観,カン
ooj,傘,サン、かさ
ook,族,ゾク
ooo ,従,ジュウ、（ショウ）、（ジュ）、したが-う、したが-える
ooo,縦,ジュウ、たて
ooo,衆,シュウ、（シュ）
op ,化,カ、ケ、ば-ける、ば-かす
op,花,カ、はな
op,貨,カ
op,靴,カ、くつ
oq,年,ネン、とし
orr,臨,リン、のぞ-む
ot,無,ム、ブ、な-い
owy,悔,カイ、く-いる、く-やむ、くや-しい
owy,梅,バイ、うめ
owy,海,カイ、うみ
owy,繁,ハン
p3,傾,ケイ、かたむ-く、かたむ-ける
pi ,勺,シャク
p,匁,もんめ
p1 ,尼,ニ、あま
p ,心,シン、こころ
p,恥,チ、は-じる、はじ、は-じらう、は-ずかしい
p1,泥,デイ、どろ
p,芯,シン
p,蛇,ジャ、ダ、へび
p3 ,頃,ころ
p,𠮟,シツ、しか-る
pa,指,シ、ゆび、さ-す
pa ,旨,シ、むね
pa1 ,旬,ジュン、（シュン）
pa1,殉,ジュン
pa,脂,シ、あぶら
pa,詣,ケイ、もう-でる
pd,他,タ、ほか
pd,地,チ、ジ
pd,施,シ、セ、ほどこ-す
pd,池,チ、いけ
pfd,菊,キク
ph1 ,密,ミツ
ph ,必,ヒツ、かなら-ず
ph,泌,ヒツ、ヒ
ph,秘,ヒ、ひ-める
ph1,蜜,ミツ
phh,傷,ショウ、きず、いた-む、いた-める
phh,易,エキ、イ、やさ-しい
phh,物,ブツ、モツ、もの
pi1,勾,コウ
pi,的,テキ、まと
pi,約,ヤク
pi,酌,シャク、く-む
pi,釣,チョウ、つ-る
pim,均,キン
pk,凝,ギョウ、こ-る、こ-らす
pk,擬,ギ
pk ,疑,ギ、うたが-う
pou,陶,トウ
pp2,匂,にお-う
pp,批,ヒ
pp1 ,昆,コン
pp ,比,ヒ、くら-べる
pp1,混,コン、ま-じる、ま-ざる、ま-ぜる、こ-む
ppa ,皆,カイ、みな
ppa,楷,カイ
ppa,諧,カイ
ppa,階,カイ
ppg,陛,ヘイ
pr ,句,ク
pr,拘,コウ
pr,敬,ケイ、うやま-う
pr,警,ケイ
pr,駒,こま
pr,驚,キョウ、おどろ-く、おどろ-かす
pru ,包,ホウ、つつ-む
pru,抱,ホウ、だ-く、いだ-く、かか-える
pru,泡,ホウ、あわ
pru,砲,ホウ
pru,胞,ホウ
pru,飽,ホウ、あ-きる、あ-かす
pt,世,セイ、セ、よ
pt,葉,ヨウ、は
pu ,屯,トン
pu,純,ジュン
pu,鈍,ドン、にぶ-い、にぶ-る
pu,頓,トン
puk,胸,キョウ、むね、（むな）
q ,手,シュ、て、（た）
q,掌,ショウ
q,撃,ゲキ、う-つ
qj,邦,ホウ
qke,泰,タイ
qkk,奏,ソウ、かな-でる
qkq,俸,ホウ
qkq ,奉,ホウ、（ブ）、たてまつ-る
qkq,棒,ボウ
qm1,傲,ゴウ
qm,喫,キツ
qm ,契,ケイ、ちぎ-る
qm1,潔,ケツ、いさぎよ-い
qmb,情,ジョウ、（セイ）、なさ-け
qmb,晴,セイ、は-れる、は-らす
qmb,清,セイ、（ショウ）、きよ-い、きよ-まる、きよ-める
qmb,精,セイ、（ショウ）
qmb,請,セイ、（シン）、こ-う、う-ける
qmb ,青,セイ、（ショウ）、あお、あお-い
qmb,静,セイ、（ジョウ）、しず、しず-か、しず-まる、しず-める
qmc,債,サイ
qmc,漬,つ-ける、つ-かる
qmc,積,セキ、つ-む、つ-もる
qmc,績,セキ
qmc ,責,セキ、せ-める
qmr,害,ガイ
qmv,俵,ヒョウ、たわら
qmv ,表,ヒョウ、おもて、あらわ-す、あらわ-れる
qo ,夫,フ、（フウ）、おっと
qo,扶,フ
qo1,春,シュン、はる
qo1,替,タイ、か-える、か-わる
r,口,コウ、ク、くち
r,和,ワ、（オ）、やわ-らぐ、やわ-らげる、なご-む、なご-やか
r,問,モン、と-う、と-い、（とん）
r,回,カイ、（エ）、まわ-る、まわ-す
r,如,ジョ、ニョ
rb,絹,ケン、きぬ
rbc ,円,エン、まる-い
rbc,員,イン
rbc,損,ソン、そこ-なう、そこ-ねる
rbc,韻,イン
rd,保,ホ、たも-つ
rg,堂,ドウ
rhr,侶,リョ
rhr ,呂,ロ
rhr,宮,キュウ、グウ、（ク）、みや
rhu ,兄,ケイ、（キョウ）、あに
rhu,党,トウ
rhu,呪,ジュ、のろ-う
rhu,況,キョウ
rhu,祝,シュク、（シュウ）、いわ-う
rlb,常,ジョウ、つね、とこ
rlr ,官,カン
rlr,棺,カン
rlr,管,カン、くだ
rlr,館,カン、やかた
rr,器,キ、うつわ
rrd,操,ソウ、みさお、あやつ-る
rrd,燥,ソウ
rrd,繰,く-る
rrd,藻,ソウ、も
rrj ,単,タン
rrj,弾,ダン、ひ-く、はず-む、たま
rrj,禅,ゼン
rrm,霊,レイ、リョウ、たま
rrr,品,ヒン、しな
rrs,顎,ガク、あご
rrw,獣,ジュウ、けもの
rsh,別,ベツ、わか-れる
rsh,拐,カイ
rsl,命,メイ、ミョウ、いのち
rvk ,呉,ゴ
rvk,娯,ゴ
rvk,誤,ゴ、あやま-る
rvp ,民,ミン、たみ
rvp,眠,ミン、ねむ-る、ねむ-い
rye,仮,カ、（ケ）、かり
rye,暇,カ、ひま
ryo,促,ソク、うなが-す
ryo,捉,ソク、とら-える
ryo ,足,ソク、あし、た-りる、た-る、た-す
ryw,図,ズ、ト、はか-る
s,凹,オウ
s,医,イ
s,尿,ニョウ
s,幻,ゲン、まぼろし
s,雪,セツ、ゆき
sc,匹,ヒツ、ひき
sh,刀,トウ、かたな
sh1 ,切,セツ、（サイ）、き-る、き-れる
sh,初,ショ、はじ-め、はじ-めて、はつ、うい、そ-める
sh1,窃,セツ
sh,解,カイ、ゲ、と-く、と-かす、と-ける
shi ,刃,ジン、は
shi,忍,ニン、しの-ぶ、しの-ばせる
shi,認,ニン、みと-める
shr ,召,ショウ、め-す
shr,招,ショウ、まね-く
shr1 ,昭,ショウ
shr,沼,ショウ、ぬま
shr1,照,ショウ、て-る、て-らす、て-れる
shr,紹,ショウ
shr,詔,ショウ、みことのり
shr,超,チョウ、こ-える、こ-す
shu,絶,ゼツ、た-える、た-やす、た-つ
sim1 ,弱,ジャク、よわ-い、よわ-る、よわ-まる、よわ-める
sim,渋,ジュウ、しぶ、しぶ-い、しぶ-る
sim1,溺,デキ、おぼ-れる
sim ,羽,ウ、は、はね
sim,翌,ヨク
sim,習,シュウ、なら-う
sim,翼,ヨク、つばさ
sj,声,セイ、（ショウ）、こえ、（こわ）
sj,摂,セツ
sj ,耳,ジ、みみ
sj,聞,ブン、モン、き-く、き-こえる
sj,餌,ジ、えさ、え
sje ,取,シュ、と-る
sje,趣,シュ、おもむき
sk ,君,クン、きみ
sk,群,グン、む-れる、む-れ、（むら）
sk,郡,グン
sl,塩,エン、しお
slb,刷,サツ、す-る
sle,堅,ケン、かた-い
sle1,報,ホウ、むく-いる
sle1,服,フク
sle,緊,キン
sle,腎,ジン
sle,賢,ケン、かしこ-い
sli,卵,ラン、たまご
sll,姫,ひめ
sll ,臣,シン、ジン
slm,濫,ラン
slm ,監,カン
slm,艦,カン
slm,藍,ラン、あい
slm,覧,ラン
slm,鑑,カン、かんが-みる
smb,婦,フ
smb,帰,キ、かえ-る、かえ-す
smb,掃,ソウ、は-く
smb1,漏,ロウ、も-る、も-れる、も-らす
sme,侵,シン、おか-す
sme,寝,シン、ね-る、ね-かす
sme,浸,シン、ひた-す、ひた-る
smf ,尉,イ
smf,慰,イ、なぐさ-める、なぐさ-む
smg ,屋,オク、や
smg,握,アク、にぎ-る
smg1,曜,ヨウ
smg1,濯,タク
smg1,躍,ヤク、おど-る
smm,尋,ジン、たず-ねる
smr,伺,シ、うかが-う
smr ,司,シ
smr,嗣,シ
smr,詞,シ
smr,飼,シ、か-う
smv,帳,チョウ
smv,張,チョウ、は-る
smv,脹,チョウ
smv ,長,チョウ、なが-い
so,尺,シャク
sq,那,ナ
sqf,篤,トク
sqf,罵,バ、ののし-る
sqf ,馬,バ、うま、（ま）
srj,壁,ヘキ、かべ
srj,璧,ヘキ
srj,癖,ヘキ、くせ
srj,避,ヒ、さ-ける
srr ,区,ク
srr,枢,スウ
srr,欧,オウ
srr,殴,オウ、なぐ-る
srr,駆,ク、か-ける、か-る
ss ,巨,キョ
ss,拒,キョ、こば-む
ss,距,キョ
ssr,局,キョク
stc,殿,デン、テン、との、どの
su,危,キ、あぶ-ない、あや-うい、あや-ぶむ
su ,厄,ヤク
su1,妃,ヒ
su1 ,己,コ、キ、おのれ
su1,忌,キ、い-む、い-まわしい
su1,改,カイ、あらた-める、あらた-まる
su,氾,ハン
su,犯,ハン、おか-す
su,範,ハン
su1,紀,キ
su1,記,キ、しる-す
su1,起,キ、お-きる、お-こる、お-こす
su1,配,ハイ、くば-る
syi,嘱,ショク
syi ,属,ゾク
syq,遅,チ、おく-れる、おく-らす、おそ-い
t,鼻,ビ、はな
ta,借,シャク、か-りる
ta,惜,セキ、お-しい、お-しむ
ta,措,ソ
ta ,昔,セキ、（シャク）、むかし
ta,籍,セキ
ta,錯,サク
tak,募,ボ、つの-る
tak,墓,ボ、はか
tak,幕,マク、バク
tak,慕,ボ、した-う
tak,暮,ボ、く-れる、く-らす
tak,模,モ、ボ
tak,漠,バク
tak,膜,マク
tb,散,サン、ち-る、ち-らす、ち-らかす、ち-らかる
tb,繭,ケン、まゆ
tbc,典,テン
tbn ,前,ゼン、まえ
tbn,煎,セン、い-る
tc3 ,並,ヘイ、なみ、なら-べる、なら-ぶ、なら-びに
tc4,供,キョウ、（ク）、そな-える、とも
tc4 ,共,キョウ、とも
tc2,基,キ、もと、もとい
tc2,塞,サイ、ソク、ふさ-ぐ、ふさ-がる
tc2,寒,カン、さむ-い
tc,恭,キョウ、うやうや-しい
tc,旗,キ、はた
tc3,普,フ
tc,期,キ、（ゴ）
tc,棋,キ
tc,欺,ギ、あざむ-く
tc4,洪,コウ
tc4,港,コウ、みなと
tc,益,エキ、（ヤク）
tc2,碁,ゴ
tc3,譜,フ
tc5,選,セン、えら-ぶ
tce ,暴,ボウ、（バク）、あば-く、あば-れる
tce,爆,バク
tco,僕,ボク
tco,撲,ボク
tctd,業,ギョウ、ゴウ、わざ
tcw ,尊,ソン、たっと-い、とうと-い、たっと-ぶ、とうと-ぶ
tcw1,猶,ユウ
tcw,遵,ジュン
tg,窯,ヨウ、かま
tge,様,ヨウ、さま
tgi,儀,ギ
tgi,犠,ギ
tgi ,義,ギ
tgi,議,ギ
tgk,美,ビ、うつく-しい
tgr ,善,ゼン、よ-い
tgr,繕,ゼン、つくろ-う
tgr,膳,ゼン
thb,備,ビ、そな-える、そな-わる
thu,導,ドウ、みちび-く
thu ,道,ドウ、（トウ）、みち
thu,首,シュ、くび
tis,臓,ゾウ
tis ,蔵,ゾウ、くら
tk,朕,チン
tk,送,ソウ、おく-る
tlb,席,セキ
tlb,満,マン、み-ちる、み-たす
tlj,覇,ハ
tlj ,革,カク、かわ
tlm,僅,キン、わず-か
tlm,勤,キン、（ゴン）、つと-める、つと-まる
tlm,謹,キン、つつし-む
tlo,嘆,タン、なげ-く、なげ-かわしい
tlo,漢,カン
tlo,難,ナン、かた-い、むずか-しい
tm1,媒,バイ
tm1 ,某,ボウ
tm ,甘,カン、あま-い、あま-える、あま-やかす
tm,紺,コン
tm1,謀,ボウ、（ム）、はか-る
tmc1 ,広,コウ、ひろ-い、ひろ-まる、ひろ-める、ひろ-がる、ひろ-げる
tmc1,拡,カク
tmc,横,オウ、よこ
tmc1,鉱,コウ
tmc ,黄,コウ、オウ、き、（こ）
tmv,勘,カン
tmv,堪,カン、た-える
tmv1,展,テン
tmv ,甚,ジン、はなは-だ、はなは-だしい
toe,獲,カク、え-る
toe,穫,カク
toe,護,ゴ
tpo,墜,ツイ
tpo,遂,スイ、と-げる
tpo,隊,タイ
tq1,差,サ、さ-す
tq,洋,ヨウ
tq,祥,ショウ
tq ,羊,ヨウ、ひつじ
tq1,羞,シュウ
tq,詳,ショウ、くわ-しい
tq,鮮,セン、あざ-やか
trg,権,ケン、（ゴン）
tt,丼,どんぶり、（どん）
tt1 ,井,セイ、（ショウ）、い
tt,併,ヘイ、あわ-せる
tt,塀,ヘイ
tt,瓶,ビン
tt1,耕,コウ、たがや-す
tt,餅,ヘイ、もち
ttb,構,コウ、かま-える、かま-う
ttb,溝,コウ、みぞ
ttb,講,コウ
ttb,購,コウ
tu1,塑,ソ
tu,逆,ギャク、さか、さか-らう
tu1,遡,ソ、さかのぼ-る
tvi,慈,ジ、いつく-しむ
tvi,滋,ジ
tvi,磁,ジ
tw2,描,ビョウ、えが-く、か-く
tw,曲,キョク、ま-がる、ま-げる
tw1 ,曹,ソウ
tw,槽,ソウ
tw2,猫,ビョウ、ねこ
tw2 ,苗,ビョウ、なえ、（なわ）
tw,遭,ソウ、あ-う
twb,夢,ム、ゆめ
twb,栃,（とち）
twt,体,タイ、テイ、からだ
twt,礼,レイ、ライ
twt,豊,ホウ、ゆた-か
twv,濃,ノウ、こ-い
twv ,農,ノウ
txc ,兼,ケン、か-ねる
txc,嫌,ケン、（ゲン）、きら-う、いや
txc,廉,レン
txc,謙,ケン
txc,鎌,かま
u,仙,セン
u1,凶,キョウ
u ,山,サン、やま
u,幽,ユウ
u2,札,サツ、ふだ
ug,届,とど-ける、とど-く
umb,端,タン、はし、は、はた
umg ,徴,チョウ
umg,懲,チョウ、こ-りる、こ-らす、こ-らしめる
umu,微,ビ
uog,催,サイ、もよお-す
uog,携,ケイ、たずさ-える、たずさ-わる
uu ,出,シュツ、（スイ）、で-る、だ-す
uu1,堀,ほり
uu1 ,屈,クツ
uu,拙,セツ、つたな-い
uu1,掘,クツ、ほ-る
uu1,窟,クツ
v,女,ジョ、ニョ、（ニョウ）、おんな、め
ve,努,ド、つと-める
ve ,奴,ド
ve,怒,ド、いか-る、おこ-る
vi,変,ヘン、か-わる、か-える
vi,幼,ヨウ、おさな-い
vi,恋,レン、こ-う、こい、こい-しい
vi,湾,ワン
vi,蛮,バン
vid ,楽,ガク、ラク、たの-しい、たの-しむ
vid,薬,ヤク、くすり
vie,後,ゴ、コウ、のち、うし-ろ、あと、おく-れる
vif,糸,シ、いと
vif,素,ソ、ス
vif,索,サク
vif,累,ルイ
vif,羅,ラ
vio ,以,イ
vio,似,ジ、に-る
vit,関,カン、せき、かか-わる
vl,収,シュウ、おさ-める、おさ-まる
vl,叫,キョウ、さけ-ぶ
vl,擁,ヨウ
vmg,荘,ソウ
vmg,装,ソウ、ショウ、よそお-う
vmi,奨,ショウ
vmi ,将,ショウ
vn,彙,イ
vne,剝,ハク、は-がす、は-ぐ、は-がれる、は-げる
vne,緑,リョク、（ロク）、みどり
vne,録,ロク
vnp,縁,エン、ふち
vv,巡,ジュン、めぐ-る
vv,巣,ソウ、す
vv,悩,ノウ、なや-む、なや-ます
vv,拶,サツ
vv,災,サイ、わざわ-い
vv,猟,リョウ
vv,脳,ノウ
vvi,継,ケイ、つ-ぐ
w,田,デン、た
w,畑,はた、はたけ
w,細,サイ、ほそ-い、ほそ-る、こま-か、こま-かい
w,胃,イ
w,雷,ライ、かみなり
wc,四,シ、よ、よ-つ、よっ-つ、よん
wd ,果,カ、は-たす、は-てる、は-て
wd,菓,カ
wd,裸,ラ、はだか
wd,課,カ
wg,厘,リン
wg,埋,マイ、う-める、う-まる、う-もれる
wg,墨,ボク、すみ
wg,理,リ
wg,童,ドウ、わらべ
wg ,里,リ、さと
wgf ,黒,コク、くろ、くろ-い
wgf,黙,モク、だま-る
wjc,実,ジツ、み、みの-る
wjc,慣,カン、な-れる、な-らす
wjc ,貫,カン、つらぬ-く
wl,岬,みさき
wl,押,オウ、お-す、お-さえる
wl ,甲,コウ、カン
wlb,万,マン、バン
wlb,偶,グウ
wlb,愚,グ、おろ-か
wlb,遇,グウ
wlb,隅,グウ、すみ
wli,濁,ダク、にご-る、にご-す
wli,独,ドク、ひと-り
wli,触,ショク、ふ-れる、さわ-る
wlj,択,タク
wlj,沢,タク、さわ
wlj,訳,ヤク、わけ
wlj,釈,シャク
wlj,駅,エキ
wlv,環,カン
wlv,還,カン
wp,思,シ、おも-う
wtc,異,イ、こと
wu,電,デン
www,塁,ルイ
wxu,縄,ジョウ、なわ
wyi1,侮,ブ、あなど-る
wyi1,敏,ビン
wyi ,母,ボ、はは
wyi1 ,毎,マイ
wyi,毒,ドク
y,朴,ボク
y,訃,フ
y,赴,フ、おもむ-く
yaj ,卓,タク
yaj,悼,トウ、いた-む
ybb ,帝,テイ
ybb,締,テイ、し-まる、し-める
ybb,諦,テイ、あきら-める
ybc,偵,テイ
ybc,貞,テイ
ybk,徹,テツ
ybk,撤,テツ
ybp,滝,たき
ybp ,竜,リュウ、たつ
ybp,籠,ロウ、かご、こ-もる
ybp,襲,シュウ、おそ-う
yc,六,ロク、む、む-つ、むっ-つ、（むい）
ycb,商,ショウ、あきな-う
ycb,嫡,チャク
ycb,摘,テキ、つ-む
ycb,敵,テキ、かたき
ycb,滴,テキ、しずく、したた-る
ycb,適,テキ
yck ,交,コウ、まじ-わる、まじ-える、ま-じる、ま-ざる、ま-ぜる、か-う、か-わす
yck,効,コウ、き-く
yck,校,コウ
yck,絞,コウ、しぼ-る、し-める、し-まる
yck,較,カク
yck,郊,コウ
yf ,叔,シュク
yf,寂,ジャク、（セキ）、さび、さび-しい、さび-れる
yf,淑,シュク
yf,督,トク
fd,謎,なぞ
yg ,主,シュ、（ス）、ぬし、おも
yg,住,ジュウ、す-む、す-まう
yg,往,オウ
yg,柱,チュウ、はしら
yg,注,チュウ、そそ-ぐ
yg,駐,チュウ
yh,産,サン、う-む、う-まれる、うぶ
yhd,遊,ユウ、（ユ）、あそ-ぶ
yhh,顔,ガン、かお
yhn,坑,コウ
yhn,抗,コウ
yhn,航,コウ
yhs,倣,ホウ、なら-う
yhs,傍,ボウ、かたわ-ら
yhs,坊,ボウ、（ボッ）
yhs,妨,ボウ、さまた-げる
yhs,房,ボウ、ふさ
yhs,放,ホウ、はな-す、はな-つ、はな-れる、ほう-る
yhs ,方,ホウ、かた
yhs,紡,ボウ、つむ-ぐ
yhs,肪,ボウ
yhs,芳,ホウ、かんば-しい
yhs,訪,ホウ、おとず-れる、たず-ねる
yhs,防,ボウ、ふせ-ぐ
yhv,依,イ、（エ）
yhv1,哀,アイ、あわ-れ、あわ-れむ
yhv1,壊,カイ、こわ-す、こわ-れる
yhv1,懐,カイ、ふところ、なつ-かしい、なつ-かしむ、なつ-く、なつ-ける
yhv ,衣,イ、ころも
yhv1,衰,スイ、おとろ-える
yhv1,衷,チュウ
yhv1,裏,リ、うら
yhv1,褒,ホウ、ほ-める
yi,棄,キ
yi1,織,ショク、シキ、お-る
yi1,職,ショク
yi,育,イク、そだ-つ、そだ-てる、はぐく-む
yi1,識,シキ
yio,率,ソツ、リツ、ひき-いる
yiu ,充,ジュウ、あ-てる
yiu,流,リュウ、（ル）、なが-れる、なが-す
yiu,硫,リュウ
yiu,統,トウ、す-べる
yiu,銃,ジュウ
yj ,斗,ト
yj,料,リョウ
yj,科,カ
yj,糾,キュウ
yk ,文,ブン、モン、ふみ
yk,斑,ハン
yk,紋,モン
yk,蚊,か
ylb ,市,シ、いち
ylb,柿,かき
ylc,跡,セキ、あと
ylh,捗,チョク
ylh ,歩,ホ、ブ、（フ）、ある-く、あゆ-む
ylh,頻,ヒン
ylm,企,キ、くわだ-てる
ylm ,止,シ、と-まる、と-める
ylm,祉,シ
ylm,紫,シ、むらさき
ylm,肯,コウ
ylm,雌,シ、め、めす
ym,上,ジョウ、（ショウ）、うえ、（うわ）、かみ、あ-げる、あ-がる、のぼ-る、のぼ-せる、のぼ-す
ymr,信,シン
ymr,獄,ゴク
ymr ,言,ゲン、ゴン、い-う、こと
ymy,峠,とうげ
yoj ,卒,ソツ
yoj,枠,わく
yoj,砕,サイ、くだ-く、くだ-ける
yoj,粋,スイ、いき
yoj,酔,スイ、よ-う
yoj,雑,ザツ、ゾウ
yok ,夜,ヤ、よ、よる
yok,液,エキ
yp1 ,処,ショ
yp,劇,ゲキ
yp,号,ゴウ
yp,慮,リョ
yp,戯,ギ、たわむ-れる
yp1,拠,キョ、コ
yp,膚,フ
yp,虎,コ、とら
yp,虐,ギャク、しいた-げる
yp,虚,キョ、（コ）
yp,虜,リョ
yp,虞,おそれ
yr ,占,セン、し-める、うらな-う
yr,店,テン、みせ
yr,点,テン
yr,粘,ネン、ねば-る
yr,貼,チョウ、は-る
yrb,稿,コウ
yrb ,高,コウ、たか-い、たか、たか-まる、たか-める
yrd ,享,キョウ
yrd1,塾,ジュク
yrd1,熟,ジュク、う-れる
yrd,郭,カク
yrf ,京,キョウ、ケイ
yrf,涼,リョウ、すず-しい、すず-む
yrf,鯨,ゲイ、くじら
yrv,壌,ジョウ
yrv,嬢,ジョウ
yrv,譲,ジョウ、ゆず-る
yrv,醸,ジョウ、かも-す
yt,位,イ、くらい
yt,拉,ラ
yt,泣,キュウ、な-く
yt ,立,リツ、（リュウ）、た-つ、た-てる
yt,粒,リュウ、つぶ
yta,暗,アン、くら-い
yta,闇,やみ
yta ,音,オン、イン、おと、ね
ytd,薪,シン、たきぎ
ytd,親,シン、おや、した-しい、した-しむ
ytg,憧,ショウ、あこが-れる
ytg,瞳,ドウ、ひとみ
ytg,鐘,ショウ、かね
ytj1,彰,ショウ
ytj1 ,章,ショウ
ytj,辛,シン、から-い
ytj,辞,ジ、や-める
ytj,辣,ラツ
ytj1,障,ショウ、さわ-る
ytp,億,オク
ytp ,意,イ
ytp,憶,オク
ytp,臆,オク
ytq,達,タツ
ytr,倍,バイ
ytr,剖,ボウ
ytr,培,バイ、つちか-う
ytr,賠,バイ
ytr,部,ブ
ytr,陪,バイ
ytu,境,キョウ、（ケイ）、さかい
ytu,競,キョウ、ケイ、きそ-う、せ-る
ytu,鏡,キョウ、かがみ
ytv,接,セツ、つ-ぐ
yub,璃,リ
yub,離,リ、はな-れる、はな-す
yuo,歯,シ、は
yv ,亡,ボウ、（モウ）、な-い
yv,妄,モウ、ボウ
yv,忘,ボウ、わす-れる
yv,忙,ボウ、いそが-しい
yv,望,ボウ、モウ、のぞ-む
yv,盲,モウ
yvi,弦,ゲン、つる
yvi ,玄,ゲン
yvi1 ,畜,チク
yvi,舷,ゲン
yvi1,蓄,チク、たくわ-える
yvo,刻,コク、きざ-む
yvo,劾,ガイ
yvo,核,カク
yvo,該,ガイ
yvo,骸,ガイ
yvu,慌,コウ、あわ-てる、あわ-ただしい
yvu ,荒,コウ、あら-い、あ-れる、あ-らす
ywm,壇,ダン、（タン）
yx,剤,ザイ
yx ,斉,セイ
yx,斎,サイ
yx,済,サイ、す-む、す-ます
